Gender,Age,GivenName,Surname,TelephoneNumber,StreetAddress,City,State
male,59,Herb,Porter,732-333-6914,3565 Pennsylvania Avenue,Jersey City,NJ
male,45,Michael,Martinez,303-598-0546,4303 Sampson Street,Centennial,CO
male,42,Alonzo,Zendejas,814-617-9236,4384 Harley Brook Lane,Johnstown,PA
female,44,Gail,Lewandowski,262-619-4877,702 Fairfield Road,Racine,WI
female,42,Cheri,Conlan,847-362-3247,12 Dovetail Drive,Libertyville,IL
female,21,Latasha,Mays,864-827-6439,1452 Pooh Bear Lane,Seneca,SC
female,62,Lillian,Martin,636-737-3705,3836 Court Street,Chesterfield,MO
female,20,Beverly,Jackson,602-289-5244,2724 Griffin Street,Phoenix,AZ
male,22,Christopher,Belliveau,757-968-1498,1524 Tenmile,Newport News,VA
male,34,Lamar,Macgregor,260-235-3828,3711 New Creek Road,Fort Wayne,IN